CREATE DATABASE AmunProcurement

USE AmunProcurement

CREATE TABLE ProjectName0 (
Id INT NOT NULL IDENTITY(1,1) constraint ProjectName0_PK primary key ([Id]),constraint ProjectName00_FK FOREIGN KEY (Id) REFERENCES CarryingWay_POCa1 (Id),                --??
ProjectName VARCHAR(100) NOT NULL constraint ProjectName000_FK FOREIGN KEY (ProjectName) REFERENCES CurrentStatus_PrCu (ProjectName), 

);


INSERT INTO ProjectName0 VALUES

( '105 MM TANK TOPU DERS ATIÞ MÜHÝMMATI (DM 148A1) (2.000 ADET) (TANK TOPU MÜHÝMMATI)'),
( '5 KALEM MÜSABAKA FÝÞEÐÝ'),
( '105MM TANK TOPU DERS ATIÞ MÜHÝMMATI 1500 ADET'),
( '150.000 ADET MK-19 H/E PFF DM11 MOD.'),
( '6.000 ADET 105 MM TANK TOPU HEP-T/HESH'),
( '20.000 ADET MER.40 MM MUH. MK-19 HE PFF-T DM11 MOD.'),
( '6.000 ADET MER.40 MM M-79/T-40 B/A AYDINLATMA MÜHÝMMATI'),
( '4.000 ADET ROKET RPG-7 MUH. GTB-7VM TERMOBARÝK'),
( '10.000 ADET ROKET RPG-7 MUH. A/T TAH. PG-7VL MOD.'),
( '30.000 ADET ROK. RPG-7 MUH. A/P TAH. OG 7V'),
( '24.000 ADET COMET EL AYDINLATMA ROKETÝ'),
( '45.000 ADET FLARE SPEKTRAL (FÝÞEÐÝ ÝLE BÝRLÝKTE)'),
( '30.000 ADET CHAFFS RR 170 WITH BBU-35 (FÝÞEÐÝ ÝLE BÝRLÝKTE)'),
( '90.000 ADET FÞ.20X102 MM ZIRH DELÝCÝ YANGIN ÝZLÝ'),
( '4.000 ADET MER.105 MM TANK TOPU HEP-T/HESH'),
( '500 M. PATLAYICI MADDE YAPRAK 2MM'),
( '500 M. PATLAYICI MADDE YAPRAK 4MM'),
( '35.000 METRE FÝTÝL SANÝYELÝ'),
( '1.000 METRE PATLAYICI MADDE ÞERÝT'),
( '50.000 METRE FÝTÝL ÝNFÝLAKLI'),
( '5.000 ADET MER.120 MM TANK TOPU TAHRÝP HE-OR-T'),
( '6.000 ADET MER.81 MM UT-1 HAVAN AYDINLATMA MÜHÝMMATI'),
( '10.000 ADET 8,59 MM ACCURACY MUH.ZH.DEL.FÝÞEK'),
( '50.000 ADET 8,59 MM ACCURACY MUH.NOR.FÝÞEK'),
( '300.000 ADET FÞ.7,62X54 MM MUH.ÝZLÝ BÝXÝ (MAYONSUZ)'),
( '300.000 ADET FÞ.7,62X54 MM BÜZMELÝ BÝXÝ (MAYONSUZ)'),
( '1.000 ADET YANGIN EL BOMBASI TAM ATIM'),
( '10.000 ADET 76 MM. MULTÝ SPEKTRAL SÝS DM65'),
( '100.000 ADET FÜNYE MÜSADEMELÝ M82'),
( '50.000 ADET MERMÝ 40 MM MK-19 HE DP M430A1')
;

SELECT * FROM ProjectName0


SELECT * 
FROM ProjectName0 p 
JOIN DeliveryTime d on p.Id = d.Id





CREATE TABLE EnglishName6 (
Id INT NOT NULL IDENTITY(1,1)    FOREIGN KEY (Id) REFERENCES DeliveryPoint (Id), FOREIGN KEY (Id) REFERENCES PO_Number5 (Id),
ProjectName VARCHAR(100) NOT NULL PRIMARY KEY,        
EnglishName VARCHAR(50) 
);


INSERT INTO EnglishName6 VALUES

( '105 MM TANK TOPU DERS ATIÞ MÜHÝMMATI (DM 148A1) (2.000 ADET) (TANK TOPU MÜHÝMMATI)', 'CARTRIDGES 105 MM TPCSDS'),
( '5 KALEM MÜSABAKA FÝÞEÐÝ', 'CARTRIDGES .22 COMPETITION'),
( '105MM TANK TOPU DERS ATIÞ MÜHÝMMATI 1500 ADET', 'CARTRIDGES 105 MM TPCSDS-T'),
( '150.000 ADET MK-19 H/E PFF DM11 MOD.', 'GRENADES 40X53 HE PFF-T'),
( '6.000 ADET 105 MM TANK TOPU HEP-T/HESH', 'CARTRIDGES 105 MM HEP-T'),
( '20.000 ADET MER.40 MM MUH. MK-19 HE PFF-T DM11 MOD.', 'CARTRIDGES 40X46 MM '),
( '6.000 ADET MER.40 MM M-79/T-40 B/A AYDINLATMA MÜHÝMMATI', 'CARTRIDGES 40X46 MM ILLUMINATING'),
( '4.000 ADET ROKET RPG-7 MUH. GTB-7VM TERMOBARÝK', 'GTB-7VM THERMOBARIC ROCKETS'),
( '10.000 ADET ROKET RPG-7 MUH. A/T TAH. PG-7VL MOD.', 'PG7-VL'),
( '30.000 ADET ROK. RPG-7 MUH. A/P TAH. OG 7V', 'OG-7V'),
( '24.000 ADET COMET EL AYDINLATMA ROKETÝ', 'SIGNAL, WHITE ILLUMINATION'),
( '45.000 ADET FLARE SPEKTRAL (FÝÞEÐÝ ÝLE BÝRLÝKTE)', 'FLARE BIRDIE 118'),
( '30.000 ADET CHAFFS RR 170 WITH BBU-35 (FÝÞEÐÝ ÝLE BÝRLÝKTE)', 'CHAFF RR170 MK1 TYPE 1'),
( '90.000 ADET FÞ.20X102 MM ZIRH DELÝCÝ YANGIN ÝZLÝ', NULL),
( '4.000 ADET MER.105 MM TANK TOPU HEP-T/HESH', NULL),
( '500 M. PATLAYICI MADDE YAPRAK 2MM', 'SHEET EXPLOSIVE .083 INCH PETN'),
( '500 M. PATLAYICI MADDE YAPRAK 4MM', 'SHEET EXPLOSIVE .166 INCH PETN'),
( '35.000 METRE FÝTÝL SANÝYELÝ', 'SAFETY FUSE ML-1'),
( '1.000 METRE PATLAYICI MADDE ÞERÝT', 'ACE 600/1200/2400/3600'),
( '50.000 METRE FÝTÝL ÝNFÝLAKLI', 'DETONATING CORD'),
( '5.000 ADET MER.120 MM TANK TOPU TAHRÝP HE-OR-T', NULL),
( '6.000 ADET MER.81 MM UT-1 HAVAN AYDINLATMA MÜHÝMMATI', NULL),
( '10.000 ADET 8,59 MM ACCURACY MUH.ZH.DEL.FÝÞEK', 'CARTRIDGES 8.59 MM ARMOR PIERCING'),
( '50.000 ADET 8,59 MM ACCURACY MUH.NOR.FÝÞEK', 'CARTRIDGES 8.59 MM BALL'),
( '300.000 ADET FÞ.7,62X54 MM MUH.ÝZLÝ BÝXÝ (MAYONSUZ)', '7.62X54R CARTRIDGES WITH TRACER'),
( '300.000 ADET FÞ.7,62X54 MM BÜZMELÝ BÝXÝ (MAYONSUZ)', NULL),
( '1.000 ADET YANGIN EL BOMBASI TAM ATIM', 'GRENADE,HAND,INCENDIARY'),
( '10.000 ADET 76 MM. MULTÝ SPEKTRAL SÝS DM65', '76 MM IR, RP-MASKE 76 ST'),
( '100.000 ADET FÜNYE MÜSADEMELÝ M82', NULL),
( '50.000 ADET MERMÝ 40 MM MK-19 HE DP M430A1', 'CARTRIDGESS 40X53 MM')
;

SELECT * FROM EnglishName6

SELECT * FROM EnglishName6 Eng JOIN DeliveryPoint De on Eng.Id = De.Id


CREATE TABLE PO_Number5 (
Id INT NOT NULL IDENTITY(1,1)   ,
PO_Number bigint NULL,
ProjectName VARCHAR(100)

CONSTRAINT PONumber5_pk PRIMARY KEY (Id),
CONSTRAINT fk_PO_Numbers5  
    FOREIGN KEY (ProjectName)  
    REFERENCES CurrentStatus_PrCu(ProjectName) 
);



INSERT INTO PO_Number5 VALUES

(  4500326924, '105 MM TANK TOPU DERS ATIÞ MÜHÝMMATI (DM 148A1) (2.000 ADET) (TANK TOPU MÜHÝMMATI)'),
(  4500342691, '5 KALEM MÜSABAKA FÝÞEÐÝ'),
(  4500326924, '105MM TANK TOPU DERS ATIÞ MÜHÝMMATI 1500 ADET'),
(  4500338951, '150.000 ADET MK-19 H/E PFF DM11 MOD.'),
(  4500338058, '6.000 ADET 105 MM TANK TOPU HEP-T/HESH'),
(  4500351348, '20.000 ADET MER.40 MM MUH. MK-19 HE PFF-T DM11 MOD.'),
( 4500332351, '6.000 ADET MER.40 MM M-79/T-40 B/A AYDINLATMA MÜHÝMMATI'),
(  45000355553, '4.000 ADET ROKET RPG-7 MUH. GTB-7VM TERMOBARÝK'),
(  4500359014, '10.000 ADET ROKET RPG-7 MUH. A/T TAH. PG-7VL MOD.'),
( 4500359014, '30.000 ADET ROK. RPG-7 MUH. A/P TAH. OG 7V'),
( 4500355044, '24.000 ADET COMET EL AYDINLATMA ROKETÝ'),
( 4500356123, '45.000 ADET FLARE SPEKTRAL (FÝÞEÐÝ ÝLE BÝRLÝKTE)'),
( 4500345375, '30.000 ADET CHAFFS RR 170 WITH BBU-35 (FÝÞEÐÝ ÝLE BÝRLÝKTE)'),
( NULL, '90.000 ADET FÞ.20X102 MM ZIRH DELÝCÝ YANGIN ÝZLÝ'),
( 4500326042, '4.000 ADET MER.105 MM TANK TOPU HEP-T/HESH'),
( 4500356368, '500 M. PATLAYICI MADDE YAPRAK 2MM'),
( 4500356368, '500 M. PATLAYICI MADDE YAPRAK 4MM'),
( 4500359157, '35.000 METRE FÝTÝL SANÝYELÝ'),
( 4500356368, '1.000 METRE PATLAYICI MADDE ÞERÝT'),
( 4500356368, '50.000 METRE FÝTÝL ÝNFÝLAKLI'),
( NULL, '5.000 ADET MER.120 MM TANK TOPU TAHRÝP HE-OR-T'),
( NULL, '6.000 ADET MER.81 MM UT-1 HAVAN AYDINLATMA MÜHÝMMATI'),
( 4500362263, '10.000 ADET 8,59 MM ACCURACY MUH.ZH.DEL.FÝÞEK'),
( 4500362263, '50.000 ADET 8,59 MM ACCURACY MUH.NOR.FÝÞEK'),
( 4500359315, '300.000 ADET FÞ.7,62X54 MM MUH.ÝZLÝ BÝXÝ (MAYONSUZ)'),
( NULL,  '300.000 ADET FÞ.7,62X54 MM BÜZMELÝ BÝXÝ (MAYONSUZ)'),
( 4500347591, '1.000 ADET YANGIN EL BOMBASI TAM ATIM'),
( 4500360411, '10.000 ADET 76 MM. MULTÝ SPEKTRAL SÝS DM65'),
( NULL, '100.000 ADET FÜNYE MÜSADEMELÝ M82'),
( 4500353361, '50.000 ADET MERMÝ 40 MM MK-19 HE DP M430A1' )
;

SELECT * FROM PO_Number5

SELECT * 
FROM PO_Number5 p 
JOIN CurrentStatus_PrCu Cu on p.ProjectName = Cu.ProjectName





CREATE TABLE CarryingWay_POCa1 (
Id INT NOT NULL IDENTITY(1,1)  PRIMARY KEY,
PO_Number bigint,
CarryingWay VARCHAR(12)

CONSTRAINT fk_CarryingWay_POCa1_Id  
    FOREIGN KEY (Id)  
    REFERENCES DeliveryPoint (Id) 
);




INSERT INTO CarryingWay_POCa1
--([Id], [PO_Number], [ProjectName], [CarryingWay])
VALUES
(  4500326924,  'Denizyolu'),
(  4500342691,  NULL),
(  4500326924,  'Denizyolu'),
(  4500338951,  NULL),
(  4500338058,  NULL),
(  4500351348,  'FCA'),
(  4500332351 ,  NULL),
(  45000355553,  'FOB'),
(  4500359014,  'FOB'),
( 4500359014,  'FOB'),
( 4500355044,  'DDP'),
( 4500356123,  NULL),
( 4500345375,  NULL),
(  NULL,  NULL),
( 4500326042,  NULL),
( 4500356368,  'FOB'),
( 4500356368,  'FOB'),
( 4500359157,  'DAB'),
( 4500356368,  'FOB'),
( 4500356368,  'FOB'),
( NULL,  NULL),
( NULL,  NULL),
( 4500362263,  NULL),
( 4500362263,  NULL),
( 4500359315,  NULL),
( NULL,   NULL),
( 4500347591,  'FOB'),
( 4500360411,  NULL),
( NULL,  NULL),
( 4500353361,  NULL )
;

SELECT * FROM CarryingWay_POCa1

SELECT * 
FROM CarryingWay_POCa1 Ca JOIN DeliveryPoint De on Ca.Id = De.Id



CREATE TABLE CurrentStatus_PrCu (
Id INT NOT NULL IDENTITY(1,1) ,
ProjectName VARCHAR(100) NOT NULL  ,                   
CurrentStatus VARCHAR(200)

CONSTRAINT CurrentStatus_PrCu_pk PRIMARY KEY (Id, ProjectName)  
);


INSERT INTO CurrentStatus_PrCu VALUES

(	 	'105 MM TANK TOPU DERS ATIÞ MÜHÝMMATI (DM 148A1) (2.000 ADET) (TANK TOPU MÜHÝMMATI)', 		'MALZEME TESLÝM AÞAMASINDA .94.000 AVRO TAÞIMA FÝYAT TEKLÝFÝ KABULU NSPA.YA GÖNDERÝLDÝ.'),
(	 	'5 KALEM MÜSABAKA FÝÞEÐÝ',		'14 EKÝM 2017 TARÝHÝNDE 30.ADET ELEY TENEX MÜHÝMMATI GELDÝ. BÝRLÝKTEN FÝZÝKÝ SAYIM VE SANDIK AMBALAJ AÇMA TUTANAÐI BEKLENMEKTEDÝR. GELDÝKTEN SONRA TMÝB ÝSTENECEK VE MAHSUBA GEÇÝLECEK.'),
(	 	'105MM TANK TOPU DERS ATIÞ MÜHÝMMATI 1500 ADET',		'MALZEME TESLÝM AÞAMASINDA .94.000 AVRO TAÞIMA FÝYAT TEKLÝFÝ KABULU ÝSM.DEN GELÝNCE MAL TESLÝMÝNE BAÞLANACAK.'),
(		'150.000 ADET MK-19 H/E PFF DM11 MOD.', 	'Almanyadan ihraç lisansý alýnamadýðýndan sözleþme iptal edilmiþtir.Ýspanya firmasýyla mühendislik çalýþmalarý baþlatýlmýþtýr.'),
(		'6.000 ADET 105 MM TANK TOPU HEP-T/HESH',		'1500 GELDÝ.4500 ADET 10-12 KASIM 2017 TARÝHLERÝ ARASINDA GELMESÝ BEKLENMEKTEDÝR.'),
(	 	'20.000 ADET MER.40 MM MUH. MK-19 HE PFF-T DM11 MOD.', 	'MALZEME TESLÝM'),
(	    '6.000 ADET MER.40 MM M-79/T-40 B/A AYDINLATMA MÜHÝMMATI', 	'MALZEME TESLÝM AÞAMASINDA (ONAYLI SKB 05 NÝSAN 2017 TARÝHÝNDE NSPAYA GÖNDERÝLMÝÞTÝR.'),
(		'4.000 ADET ROKET RPG-7 MUH. GTB-7VM TERMOBARÝK',		'MALZEME TESLÝM'),
(	 	'10.000 ADET ROKET RPG-7 MUH. A/T TAH. PG-7VL MOD.',		'MALZEME TESLÝM AÞAMASINDA'),
( 	'30.000 ADET ROK. RPG-7 MUH. A/P TAH. OG 7V',		'MALZEME TESLÝM AÞAMASINDA'),
( 	'24.000 ADET COMET EL AYDINLATMA ROKETÝ',		'11 MAYIS 2017 TARÝHÝNDE EUC ONAYLANARAK NSPAYA GÖNDERÝLMÝÞTÝR.MAL TESLÝÝMÝ EUC VE EL.YE BAÐLI OLARAK 6 AY(04 ARALIK 2017.DÝR, TAÞIMA ÞEKLÝ DDP WALDOFF LUXEMBURG)'),
( 	'45.000 ADET FLARE SPEKTRAL (FÝÞEÐÝ ÝLE BÝRLÝKTE)',		'25.000 GELDÝ. 20.000 GELMEDÝ.'),
( 	'30.000 ADET CHAFFS RR 170 WITH BBU-35 (FÝÞEÐÝ ÝLE BÝRLÝKTE)',		'10.000 ADETÝN GELEMESÝ BEKLENÝYOR. 23 EKÝM KADAR MALZEME HAZIR OLACAK. 26 EKÝM E KADAR DAÐITIMI GERÇEKLEÞTÝRÝLECEK.'),
(	    '90.000 ADET FÞ.20X102 MM ZIRH DELÝCÝ YANGIN ÝZLÝ',  'TEKNÝK ÝSTERLER DOLDURULUP NSPA.YA GÖNDERÝLMÝÞTÝR. FÝYAT TEKLÝFÝNÝN GELMESÝ BEKLENECEKTÝR.'),
( 	'4.000 ADET MER.105 MM TANK TOPU HEP-T/HESH',  	'MALZEME TESLÝM'),
( 	'500 M. PATLAYICI MADDE YAPRAK 2MM',		'MALZEME TESLÝM'),
( 	'500 M. PATLAYICI MADDE YAPRAK 4MM',		'MALZEME TESLÝM'),
(	'35.000 METRE FÝTÝL SANÝYELÝ',		'MALZEME TESLÝM AÞAMASINDA'),
( 	'1.000 METRE PATLAYICI MADDE ÞERÝT',		'MALZEME TESLÝM'),
( 	'50.000 METRE FÝTÝL ÝNFÝLAKLI',		'MALZEME TESLÝM'),
(	    '5.000 ADET MER.120 MM TANK TOPU TAHRÝP HE-OR-T', NULL),		
(	    '6.000 ADET MER.81 MM UT-1 HAVAN AYDINLATMA MÜHÝMMATI', NULL),		
(     '10.000 ADET 8,59 MM ACCURACY MUH.ZH.DEL.FÝÞEK',		'MAL TESLÝM AÞAMASINDA'),
( 	'50.000 ADET 8,59 MM ACCURACY MUH.NOR.FÝÞEK',	 NULL),
( 	'300.000 ADET FÞ.7,62X54 MM MUH.ÝZLÝ BÝXÝ (MAYONSUZ)',		'MALZEME TESLÝM'),
(    '300.000 ADET FÞ.7,62X54 MM BÜZMELÝ BÝXÝ (MAYONSUZ)',  NULL),		
( 	'1.000 ADET YANGIN EL BOMBASI TAM ATIM',		'FATURA BEKLENÝYOR'),
( 	'10.000 ADET 76 MM. MULTÝ SPEKTRAL SÝS DM65',		'MALZEM TESLÝM AÞAMASINDA'),
(	    '100.000 ADET FÜNYE MÜSADEMELÝ M82',  NULL),	
( 	'50.000 ADET MERMÝ 40 MM MK-19 HE DP M430A1',		'MALZEME TESLÝM')
;

SELECT * FROM CurrentStatus_PrCu

SELECT * FROM CurrentStatus_PrCu Pr JOIN DeliveryTime2 De on Pr.Id=De.Id




CREATE TABLE DeliveryPoint (
Id INT NOT NULL IDENTITY(1,1) constraint DeliveryPoint1_PK primary key (Id) CONSTRAINT fk_DeliveryPoint_Id FOREIGN KEY (Id) REFERENCES ContractPrice_PrCo (Id)  ,
PO_Number bigint ,
DeliveryPoint VARCHAR(50)
);


INSERT INTO DeliveryPoint
--([Id], [PO_Number], [DagitimYeri])
VALUES

(	4500326924,	'FOB LA SPAZIA PORT ITALY'),
(	4500342691, NULL),
(	4500326924,	'FOB LA SPAZIA PORT ITALY'),
(	4500338951, NULL),
(	4500338058,	'ÝTALYA'),
(	4500351348,	'NONNWEÝLER/ALMANYA'),
(	4500332351,	'ALMANYA'),
(	45000355553,	'SLOVENYA'),
(	4500359014,	'BULGARÝSTAN'),
(	4500359014,	'BULGARÝSTAN'),
(	4500355044,	'ALMANYA'),
( 4500356123,	'ÝNGÝLTERE'),
(	4500345375,	'ÝNGÝLTERE'),
( NULL, NULL),		
(	4500326042,	'ÝTALYA'),
(	4500356368,	 'WÝLMÝNGTON PORT-USA'),
(	4500356368,	'WÝLMÝNGTON PORT-USA'),
(	4500359157, NULL),	
(	4500356368,	 'WÝLMÝNGTON PORT-USA'),
(	4500356368,	' WÝLMÝNGTON PORT-USA'),
( NULL, NULL),		
( NULL, NULL ),		
(	4500362263, 'FÝNLANDÝYA'),
( 	4500362263,	'FÝNLANDÝYA'),
(	4500359315,	'ÇEK CUMHURÝYETÝ'),
(	NULL, NULL),	
(	4500347591,	'WILLMINGTON PORT'),
(	4500360411,	'ALMANYA'),
( NULL, NULL),		
(	4500353361,	'ÝSPANYA)')
;

SELECT * FROM DeliveryPoint      ++

SELECT * FROM ContractPrice_PrCo1 e JOIN DeliveryPoint f ON e.Id=f.Id
SELECT * FROM PO_Number5 e JOIN DeliveryPoint f ON e.Id=f.Id










CREATE TABLE ContractPrice_PrCo1 (
Id INT NOT NULL IDENTITY(1,1) CONSTRAINT ContractPrice_PrCo1_PK PRIMARY KEY (Id),
ProjectName VARCHAR(100) FOREIGN KEY (ProjectName) REFERENCES CurrentStatus_PrCu(ProjectName),
ContractPrice FLOAT(8),
ContractPriceCurrency VARCHAR(7)
);

INSERT INTO ContractPrice_PrCo1
--([Id], [PO_Number], [ProjectName], [EnglishName],[SozlesmeBedeli],[SozlesmeBedelBirimi])
VALUES

(		'105 MM TANK TOPU DERS ATIÞ MÜHÝMMATI (DM 148A1) (2.000 ADET) (TANK TOPU MÜHÝMMATI)', 		3772000,	'AVRO'),
(		'5 KALEM MÜSABAKA FÝÞEÐÝ',  NULL  , NULL),		
(		'105MM TANK TOPU DERS ATIÞ MÜHÝMMATI 1500 ADET',		2778000,	'AVRO'),
(		'150.000 ADET MK-19 H/E PFF DM11 MOD.',  NULL , NULL),
(		'6.000 ADET 105 MM TANK TOPU HEP-T/HESH', 	6304000,	'AVRO'),
(		'20.000 ADET MER.40 MM MUH. MK-19 HE PFF-T DM11 MOD.',		3003840,	'AVRO'),
(		'6.000 ADET MER.40 MM M-79/T-40 B/A AYDINLATMA MÜHÝMMATI', 	269430.3,	'AVRO'),
(		'4.000 ADET ROKET RPG-7 MUH. GTB-7VM TERMOBARÝK',		1760000,	'AVRO'),
(		'10.000 ADET ROKET RPG-7 MUH. A/T TAH. PG-7VL MOD.', 	3920000,	'AVRO'),
(		'30.000 ADET ROK. RPG-7 MUH. A/P TAH. OG 7V', 	2730000,	'AVRO'),
(		'24.000 ADET COMET EL AYDINLATMA ROKETÝ', 	897900,	'AVRO'),
(		'45.000 ADET FLARE SPEKTRAL (FÝÞEÐÝ ÝLE BÝRLÝKTE)', 	1478250, 'Sterlin'),
(		'30.000 ADET CHAFFS RR 170 WITH BBU-35 (FÝÞEÐÝ ÝLE BÝRLÝKTE)', 	97500000,	'STERLÝN'),
(	 '90.000 ADET FÞ.20X102 MM ZIRH DELÝCÝ YANGIN ÝZLÝ',    2232000,	'DOLAR'),
(		'4.000 ADET MER.105 MM TANK TOPU HEP-T/HESH',  4500000,	'AVRO'),
(		'500 M. PATLAYICI MADDE YAPRAK 2MM',  10632248,	'DOLAR'),
(		'500 M. PATLAYICI MADDE YAPRAK 4MM', 	11366028,	'DOLAR'),
(		'35.000 METRE FÝTÝL SANÝYELÝ', 	93450,	'AVRO'),
(		'1.000 METRE PATLAYICI MADDE ÞERÝT', 	33262915,	'DOLAR'),
(		'50.000 METRE FÝTÝL ÝNFÝLAKLI', 	94050,	'DOLAR'),
(	   '5.000 ADET MER.120 MM TANK TOPU TAHRÝP HE-OR-T',  NULL  , NULL),			
(	 '6.000 ADET MER.81 MM UT-1 HAVAN AYDINLATMA MÜHÝMMATI',  NULL   , NULL),			
(		'10.000 ADET 8,59 MM ACCURACY MUH.ZH.DEL.FÝÞEK', 	9500,	'AVRO'),
(		'50.000 ADET 8,59 MM ACCURACY MUH.NOR.FÝÞEK', 	155000,	'AVRO'),
(		'300.000 ADET FÞ.7,62X54 MM MUH.ÝZLÝ BÝXÝ (MAYONSUZ)',   NULL   , NULL),
(	 '300.000 ADET FÞ.7,62X54 MM BÜZMELÝ BÝXÝ (MAYONSUZ)',   NULL , NULL),			
(	 '1.000 ADET YANGIN EL BOMBASI TAM ATIM', 	38500,	'DOLAR'),
(		'10.000 ADET 76 MM. MULTÝ SPEKTRAL SÝS DM65',		1850000,	'AVRO'),
(		 '100.000 ADET FÜNYE MÜSADEMELÝ M82', 		760000,	'AVRO'),
(	 '50.000 ADET MERMÝ 40 MM MK-19 HE DP M430A1',		5060000,	'AVRO')
;

SELECT * FROM ContractPrice_PrCo1 

SELECT * FROM ContractPrice_PrCo1 Co JOIN CurrentStatus_PrCu Cu on Co.ProjectName=Cu.ProjectName  
SELECT * FROM ContractPrice_PrCo1 e JOIN DeliveryPoint f ON e.Id=f.Id                             




CREATE TABLE DeliveryDate1_PoDe1 (
Id INT  IDENTITY(1,1) NOT NULL,
PO_Number bigint,
ProjectName VARCHAR(100) constraint DeliveryDate11_PoDe_PK primary key (ProjectName) ,
DeliveryDate VARCHAR(200)

CONSTRAINT fk_DeliveryDate_PoDe1_ProjectName  
    FOREIGN KEY (ProjectName)  
    REFERENCES CurrentStatus_PrCu (ProjectName) 
);


  

INSERT INTO DeliveryDate_PoDe1
--([Id], [PO_Number], [ProjectName], [EnglishName],[TeslimTarihi])
VALUES


(	4500326924,	'105 MM TANK TOPU DERS ATIÞ MÜHÝMMATI (DM 148A1) (2.000 ADET) (TANK TOPU MÜHÝMMATI)', 	'SÖZLEÞMEYÝ MÜTEAKÝP 12 AY'),
(	4500342691,	'5 KALEM MÜSABAKA FÝÞEÐÝ',	 NULL),
(	4500326924,	'105MM TANK TOPU DERS ATIÞ MÜHÝMMATI 1500 ADET',		'30.03.2017'),
(	4500338951,	'150.000 ADET MK-19 H/E PFF DM11 MOD.',  NULL),
(	4500338058,	'6.000 ADET 105 MM TANK TOPU HEP-T/HESH',		'1500 ADEDÝ ÝÇÝN ÞÖZLEÞME ÝMZALANMASINI MÜTEAKÝP 8 AY, 4500 ADET ÝÇÝN ÞÖZLEÞMEYÝ MÜTEAKÝP 12 AY'),
(	4500351348,	'20.000 ADET MER.40 MM MUH. MK-19 HE PFF-T DM11 MOD.', 	'22.Þub.18'),
(	4500332351, '6.000 ADET MER.40 MM M-79/T-40 B/A AYDINLATMA MÜHÝMMATI', 	'SÖZLEÞME ÝMZALANMSINDAN SONRA 6 AY'),
(	45000355553,	'4.000 ADET ROKET RPG-7 MUH. GTB-7VM TERMOBARÝK',		'SKB VE ÝHRACAT LÝSANSINA BAÐLI OLARAK 6 AY'),
(	4500359014,	'10.000 ADET ROKET RPG-7 MUH. A/T TAH. PG-7VL MOD.',  'MALZEME TESLÝMÝ SKB VE ÝHRACAT LÝSANSINA BAÐLI OLARAK 6 AYDIR.'),
(	4500359014,	'30.000 ADET ROK. RPG-7 MUH. A/P TAH. OG 7V', 	'MALZEME TESLÝMÝ SKB VE ÝHRACAT LÝSANSINA BAÐLI OLARAK 6 AYDIR.'),
(	4500355044,	'24.000 ADET COMET EL AYDINLATMA ROKETÝ', 	'MAL TESLÝMÝ SKB VE ÝHRACAT LÝSANSINA BAÐLI OLARAK 6 AY'),
(	4500356123,	'45.000 ADET FLARE SPEKTRAL (FÝÞEÐÝ ÝLE BÝRLÝKTE)', 	'25000 ADEDÝ 9 AÐUSTOS 2017 TARÝHÝNDE, 20000 ADEDÝ OCAK 2018 TARÝHÝNDE'),
(	4500345375,	'30.000 ADET CHAFFS RR 170 WITH BBU-35 (FÝÞEÐÝ ÝLE BÝRLÝKTE)', 	'10.000 ADEDÝ 23.05.2017 TARÝHÝNDE SEVK EDÝLMÝÞTÝR.10.000 ADEDÝ 31 TEMMUZ 2017'),
(		NULL    , '90.000 ADET FÞ.20X102 MM ZIRH DELÝCÝ YANGIN ÝZLÝ', 'MALZEME TESLÝMÝ TAMAMLANMIÞTIR.'),
(	4500326042,	'4.000 ADET MER.105 MM TANK TOPU HEP-T/HESH',  '31.03.2017 (10 TEMMUZ 20017 TARÝHÝNDE 3 ADET TDY VE LOT ACCEPTANCE TEST FATURASI GELDÝ.'),
(	4500356368,	'500 M. PATLAYICI MADDE YAPRAK 2MM', 	'SÖZLEÞME ÝMZALANMSINDAN SONRA 6 AY'),
(	4500356368,	'500 M. PATLAYICI MADDE YAPRAK 4MM',  	'SÖZLEÞME ÝMZALANMSINDAN SONRA 6 AY'),
(	4500359157, '35.000 METRE FÝTÝL SANÝYELÝ', 	'14.12.2017'),
(	4500356368,	'1.000 METRE PATLAYICI MADDE ÞERÝT', 	'MAL TESLÝMÝ SKB VE ÝHRACAT LÝSANSINA BAÐLI OLARAK 6 AY'),
(	4500356368,	'50.000 METRE FÝTÝL ÝNFÝLAKLI',  'SÖZLEÞME ÝMZALANMASINDAN ÝTÝBAREN 6 AY'),
(	NULL	      , '5.000 ADET MER.120 MM TANK TOPU TAHRÝP HE-OR-T',  NULL),
(	NULL	      , '6.000 ADET MER.81 MM UT-1 HAVAN AYDINLATMA MÜHÝMMATI',  NULL),		
(	4500362263,	'10.000 ADET 8,59 MM ACCURACY MUH.ZH.DEL.FÝÞEK', 	'SON KULLANICI BELGESÝ VE SÖZLEÞMENÝN ÝMZALANMASINI MÜTEAKÝP 12 AY SONRA'),
(	4500362263,	'50.000 ADET 8,59 MM ACCURACY MUH.NOR.FÝÞEK',  	'SON KULLANICI BELGESÝ VE SÖZLEÞMENÝN ÝMZALANMASINI MÜTEAKÝP 12 AY SONRA'),
(	4500359315,	'300.000 ADET FÞ.7,62X54 MM MUH.ÝZLÝ BÝXÝ (MAYONSUZ)',  NULL),	
(		NULL      , '300.000 ADET FÞ.7,62X54 MM BÜZMELÝ BÝXÝ (MAYONSUZ)', NULL),	
(	4500347591, '1.000 ADET YANGIN EL BOMBASI TAM ATIM',  	'25.08.2017'),
(	4500360411,	'10.000 ADET 76 MM. MULTÝ SPEKTRAL SÝS DM65',		'TESLÝMAT SÖZLEÞME ÝMZALANMASINDAN SONRA 9 AY'),
(		NULL      , '100.000 ADET FÜNYE MÜSADEMELÝ M82',  'SÖZLEÞME ÝMZALANMAYI MÜTEAKÝP 210 GÜN'),
(	4500353361, '50.000 ADET MERMÝ 40 MM MK-19 HE DP M430A1',	'20.000 ADEDÝ 30 KASIM 2017,20000 ADEDÝ EKÝM 2017, 10000 ADEDÝ 28 EYLÜL 2017')
;


SELECT * FROM DeliveryDate_PoDe1  


SELECT * FROM DeliveryDate_PoDe1 De JOIN CurrentStatus_PrCu Cu on De.ProjectName = Cu.ProjectName





CREATE TABLE DeliveryTime2 (
Id INT NOT NULL IDENTITY(1,1)   constraint DeliveryTime2_PK primary key (Id), constraint DeliveryTime2_FK FOREIGN KEY (Id) REFERENCES ContractPrice_PrCo1 (Id) ,
PO_Number bigint ,
DeliveryTime VARCHAR(200),

);



INSERT INTO DeliveryTime2 VALUES

(4500326924,	'EKÝM 2017'),
(	4500342691, NULL),	
(	4500326924,	'EKÝM 2017'),
(	4500338951	, NULL),
(	4500338058,	'1.10.2017'),
(	4500351348,	'22.02.2018'),
(	4500332351, NULL),	
(	45000355553,	'20 EYLÜL 2017 TARÝHÝNDE ONAYLI SKB NSPA.YA GÖNDERÝLMÝÞTÝR.MAL TESLÝMÝ ECU.NÝN TESLÝMÝNE BAÐLI OLARAK 6 AY.FÝRMASI RHEINMETHALL(ALMANYA)DIR.'),
(	4500359014,	'MALZEME TESLÝM AÞAMASINDA(SON TESLÝM TARÝHÝ 28 ÞUBAT 2018.DÝR'),
(	4500359014,	'SON TESLÝM TARÝHÝ 28 ÞUBAT 2018.DÝR.  21 EYLÜL 2017 TARÝHÝNDE ONAYLI SKB NSPA.YA GÖNDERÝLMÝÞTÝR.'),
(	4500355044,	'30.03.2018'),
(	4500356123,	'1.01.2018'),
(	4500345375, '31.07.2017'),
( NULL, NULL),		
(	4500326042,	'Kas.17'),
(	4500356368,	'NEW DELIVERY DATE IS 30 MARCH 2018 OWING TO THE DSP - 83 AND EXPORT LICENSE'),
(	4500356368,	'NEW DELIVERY DATE IS 30 MARCH 2018 OWING TO THE DSP - 83 AND EXPORT LICENSE'),
(	4500359157,	'14.Ara.17'),
(	4500356368,	'NEW DELIVERY DATE IS 30 MARCH 2018 OWING TO THE DSP - 83 AND EXPORT LICENSE'),
(	4500356368,	'NEW DELIVERY DATE IS 30 MARCH 2018 OWING TO THE DSP - 83 AND EXPORT LICENSE'),
( NULL, NULL),		
( NULL, NULL),		
(	4500362263, NULL),	
(	4500362263, NULL),	
(	4500359315, NULL),
(NULL, NULL),		
(	4500347591, NULL),
(	4500360411, NULL),
( NULL, NULL),		
(	4500353361,	'10.000 ADEDÝ ÝÇÝN 28 EYLÜL 2017. 20.000 ADEDÝ ÝÇÝN 30 EKÝM 2017. 20.000 ADEDÝ ÝÇÝN 30 KASIM 2017')
;

SELECT * FROM DeliveryTime2   ++








-------------------------------------------------------------------------------------
										KULLANILMAYACAK TABLOLAR
------------------------------------------------------------------------------------
                           

CREATE TABLE CarryingWay (
Id INT NOT NULL IDENTITY(1,1),
PO_Number bigint ,
ProjectName VARCHAR(100)   constraint CarryingWay_PK primary key (ProjectName),
CarryingWay VARCHAR(12)
);



);
INSERT INTO CarryingWay
--([Id], [PO_Number], [ProjectName], [CarryingWay])
VALUES
(  4500326924, '105 MM TANK TOPU DERS ATIÞ MÜHÝMMATI (DM 148A1) (2.000 ADET) (TANK TOPU MÜHÝMMATI)', 'Denizyolu'),
(  4500342691, '5 KALEM MÜSABAKA FÝÞEÐÝ', NULL),
(  4500326924, '105MM TANK TOPU DERS ATIÞ MÜHÝMMATI 1500 ADET', 'Denizyolu'),
(  4500338951, '150.000 ADET MK-19 H/E PFF DM11 MOD.', NULL),
(  4500338058, '6.000 ADET 105 MM TANK TOPU HEP-T/HESH', NULL),
(  4500351348, '20.000 ADET MER.40 MM MUH. MK-19 HE PFF-T DM11 MOD.', 'FCA'),
(  4500332351 , '6.000 ADET MER.40 MM M-79/T-40 B/A AYDINLATMA MÜHÝMMATI', NULL),
(  45000355553, '4.000 ADET ROKET RPG-7 MUH. GTB-7VM TERMOBARÝK', 'FOB'),
(  4500359014, '10.000 ADET ROKET RPG-7 MUH. A/T TAH. PG-7VL MOD.', 'FOB'),
( 4500359014, '30.000 ADET ROK. RPG-7 MUH. A/P TAH. OG 7V', 'FOB'),
( 4500355044, '24.000 ADET COMET EL AYDINLATMA ROKETÝ', 'DDP'),
( 4500356123, '45.000 ADET FLARE SPEKTRAL (FÝÞEÐÝ ÝLE BÝRLÝKTE)', NULL),
( 4500345375, '30.000 ADET CHAFFS RR 170 WITH BBU-35 (FÝÞEÐÝ ÝLE BÝRLÝKTE)', NULL),
(  NULL, '90.000 ADET FÞ.20X102 MM ZIRH DELÝCÝ YANGIN ÝZLÝ', NULL),
( 4500326042, '4.000 ADET MER.105 MM TANK TOPU HEP-T/HESH', NULL),
( 4500356368, '500 M. PATLAYICI MADDE YAPRAK 2MM', 'FOB'),
( 4500356368, '500 M. PATLAYICI MADDE YAPRAK 4MM', 'FOB'),
( 4500359157, '35.000 METRE FÝTÝL SANÝYELÝ', 'DAB'),
( 4500356368, '1.000 METRE PATLAYICI MADDE ÞERÝT', 'FOB'),
( 4500356368, '50.000 METRE FÝTÝL ÝNFÝLAKLI', 'FOB'),
( NULL, '5.000 ADET MER.120 MM TANK TOPU TAHRÝP HE-OR-T', NULL),
( NULL, '6.000 ADET MER.81 MM UT-1 HAVAN AYDINLATMA MÜHÝMMATI', NULL),
( 4500362263, '10.000 ADET 8,59 MM ACCURACY MUH.ZH.DEL.FÝÞEK', NULL),
( 4500362263, '50.000 ADET 8,59 MM ACCURACY MUH.NOR.FÝÞEK', NULL),
( 4500359315, '300.000 ADET FÞ.7,62X54 MM MUH.ÝZLÝ BÝXÝ (MAYONSUZ)', NULL),
( NULL,  '300.000 ADET FÞ.7,62X54 MM BÜZMELÝ BÝXÝ (MAYONSUZ)', NULL),
( 4500347591, '1.000 ADET YANGIN EL BOMBASI TAM ATIM', 'FOB'),
( 4500360411, '10.000 ADET 76 MM. MULTÝ SPEKTRAL SÝS DM65', NULL),
( NULL, '100.000 ADET FÜNYE MÜSADEMELÝ M82', NULL),
( 4500353361, '50.000 ADET MERMÝ 40 MM MK-19 HE DP M430A1', NULL )
;

SELECT * FROM CarryingWay      




CREATE TABLE CurrentStatus7 (
Id INT NOT NULL IDENTITY(1,1),
PO_Number bigint NULL,
ProjectName VARCHAR(100) NOT NULL  constraint CurrentStatus7_PK primary key (ProjectName),
EnglishName VARCHAR(50) NULL,                        
CurrentStatus VARCHAR(200)
);

CONSTRAINT CurrentStatus_pk PRIMARY KEY (Id, ProjectName)  
);


INSERT INTO CurrentStatus7 VALUES



(	 4500326924,	'105 MM TANK TOPU DERS ATIÞ MÜHÝMMATI (DM 148A1) (2.000 ADET) (TANK TOPU MÜHÝMMATI)', 	'CARTRIDGES 105 MM TPCSDS-T',	'MALZEME TESLÝM AÞAMASINDA .94.000 AVRO TAÞIMA FÝYAT TEKLÝFÝ KABULU NSPA.YA GÖNDERÝLDÝ.'),
(	 4500342691,	'5 KALEM MÜSABAKA FÝÞEÐÝ',	'CARTRIDGES .22 COMPETITION',	'14 EKÝM 2017 TARÝHÝNDE 30.ADET ELEY TENEX MÜHÝMMATI GELDÝ. BÝRLÝKTEN FÝZÝKÝ SAYIM VE SANDIK AMBALAJ AÇMA TUTANAÐI BEKLENMEKTEDÝR. GELDÝKTEN SONRA TMÝB ÝSTENECEK VE MAHSUBA GEÇÝLECEK.'),
(	 4500326924,	'105MM TANK TOPU DERS ATIÞ MÜHÝMMATI 1500 ADET',	'CARTRIDGES 105 MM TPCSDS-T',	'MALZEME TESLÝM AÞAMASINDA .94.000 AVRO TAÞIMA FÝYAT TEKLÝFÝ KABULU ÝSM.DEN GELÝNCE MAL TESLÝMÝNE BAÞLANACAK.'),
(	 4500338951,	'150.000 ADET MK-19 H/E PFF DM11 MOD.', 'GRENADES 40X53 HE PFF-T',	'Almanyadan ihraç lisansý alýnamadýðýndan sözleþme iptal edilmiþtir.Ýspanya firmasýyla mühendislik çalýþmalarý baþlatýlmýþtýr.'),
(	 4500338058,	'6.000 ADET 105 MM TANK TOPU HEP-T/HESH',	'CARTRIDGES 105 MM HEP-T',	'1500 GELDÝ.4500 ADET 10-12 KASIM 2017 TARÝHLERÝ ARASINDA GELMESÝ BEKLENMEKTEDÝR.'),
(	 4500351348,	'20.000 ADET MER.40 MM MUH. MK-19 HE PFF-T DM11 MOD.', 'CARTRIDGES 40X53 MM HE-PFF-T',	'MALZEME TESLÝM'),
(	 4500332351,    '6.000 ADET MER.40 MM M-79/T-40 B/A AYDINLATMA MÜHÝMMATI', 'CARTRIDGES 40X46 MM ILLUMINATING',	'MALZEME TESLÝM AÞAMASINDA (ONAYLI SKB 05 NÝSAN 2017 TARÝHÝNDE NSPAYA GÖNDERÝLMÝÞTÝR.'),
(	 45000355553,	'4.000 ADET ROKET RPG-7 MUH. GTB-7VM TERMOBARÝK',	'GTB-7VM THERMOBARIC ROCKETS',	'MALZEME TESLÝM'),
(	 4500359014,	'10.000 ADET ROKET RPG-7 MUH. A/T TAH. PG-7VL MOD.',	'PG7-VL',	'MALZEME TESLÝM AÞAMASINDA'),
( 4500359014,	'30.000 ADET ROK. RPG-7 MUH. A/P TAH. OG 7V',	'OG-7V',	'MALZEME TESLÝM AÞAMASINDA'),
( 4500355044,	'24.000 ADET COMET EL AYDINLATMA ROKETÝ',	'SIGNAL, WHITE ILLUMINATION',	'11 MAYIS 2017 TARÝHÝNDE EUC ONAYLANARAK NSPAYA GÖNDERÝLMÝÞTÝR.MAL TESLÝÝMÝ EUC VE EL.YE BAÐLI OLARAK 6 AY(04 ARALIK 2017.DÝR, TAÞIMA ÞEKLÝ DDP WALDOFF LUXEMBURG)'),
( 4500356123,	'45.000 ADET FLARE SPEKTRAL (FÝÞEÐÝ ÝLE BÝRLÝKTE)',	'FLARE BIRDIE 118',	'25.000 GELDÝ. 20.000 GELMEDÝ.'),
( 4500345375,	'30.000 ADET CHAFFS RR 170 WITH BBU-35 (FÝÞEÐÝ ÝLE BÝRLÝKTE)',	'CHAFF RR170 MK1 TYPE 1',	'10.000 ADETÝN GELEMESÝ BEKLENÝYOR. 23 EKÝM KADAR MALZEME HAZIR OLACAK. 26 EKÝM E KADAR DAÐITIMI GERÇEKLEÞTÝRÝLECEK.'),
(	NULL	   ,    '90.000 ADET FÞ.20X102 MM ZIRH DELÝCÝ YANGIN ÝZLÝ', NULL  , 'TEKNÝK ÝSTERLER DOLDURULUP NSPA.YA GÖNDERÝLMÝÞTÝR. FÝYAT TEKLÝFÝNÝN GELMESÝ BEKLENECEKTÝR.'),
( 4500326042,	'4.000 ADET MER.105 MM TANK TOPU HEP-T/HESH',  NULL ,	'MALZEME TESLÝM'),
( 4500356368,	'500 M. PATLAYICI MADDE YAPRAK 2MM',	'SHEET EXPLOSIVE .083 INCH PETN',	'MALZEME TESLÝM'),
( 4500356368,	'500 M. PATLAYICI MADDE YAPRAK 4MM',	'SHEET EXPLOSIVE .166 INCH PETN',	'MALZEME TESLÝM'),
( 4500359157,	'35.000 METRE FÝTÝL SANÝYELÝ',	'SAFETY FUSE ML-1',	'MALZEME TESLÝM AÞAMASINDA'),
( 4500356368,	'1.000 METRE PATLAYICI MADDE ÞERÝT',	'ACE 600/1200/2400/3600',	'MALZEME TESLÝM'),
( 4500356368,	'50.000 METRE FÝTÝL ÝNFÝLAKLI',	'DETONATING CORD',	'MALZEME TESLÝM'),
(	NULL	   ,    '5.000 ADET MER.120 MM TANK TOPU TAHRÝP HE-OR-T', NULL, NULL),		
(	NULL	   ,    '6.000 ADET MER.81 MM UT-1 HAVAN AYDINLATMA MÜHÝMMATI', NULL, NULL),		
( 4500362263,    '10.000 ADET 8,59 MM ACCURACY MUH.ZH.DEL.FÝÞEK',	'CARTRIDGES 8.59 MM ARMOR PIERCING',	'MAL TESLÝM AÞAMASINDA'),
( 4500362263,	'50.000 ADET 8,59 MM ACCURACY MUH.NOR.FÝÞEK',	'CARTRIDGES 8.59 MM BALL', NULL),
( 4500359315,	'300.000 ADET FÞ.7,62X54 MM MUH.ÝZLÝ BÝXÝ (MAYONSUZ)',	'7.62X54R CARTRIDGES WITH TRACER',	'MALZEME TESLÝM'),
(NULL		   ,    '300.000 ADET FÞ.7,62X54 MM BÜZMELÝ BÝXÝ (MAYONSUZ)', NULL, NULL),		
( 4500347591,	'1.000 ADET YANGIN EL BOMBASI TAM ATIM',	'GRENADE,HAND,INCENDIARY',	'FATURA BEKLENÝYOR'),
( 4500360411,	'10.000 ADET 76 MM. MULTÝ SPEKTRAL SÝS DM65',	'76 MM IR, RP-MASKE 76 ST',	'MALZEM TESLÝM AÞAMASINDA'),
(	NULL	   ,    '100.000 ADET FÜNYE MÜSADEMELÝ M82', NULL, NULL),	
( 4500353361,	'50.000 ADET MERMÝ 40 MM MK-19 HE DP M430A1',	'CARTRIDGESS 40X53 MM',	'MALZEME TESLÝM')
;

SELECT * FROM CurrentStatus7  


CREATE TABLE ContractPrice (
Id INT NOT NULL IDENTITY(1,1) CONSTRAINT ContractPrice_PK PRIMARY KEY (Id),
PO_Number bigint ,
ProjectName VARCHAR(100),  -- FOREIGN KEY (ProjectName) REFERENCES CarryingWay(ProjectName),
EnglishName VARCHAR(50),
ContractPrice FLOAT(12),
ContractPriceCurrency VARCHAR(7)
);



INSERT INTO ContractPrice
--([Id], [PO_Number], [ProjectName], [EnglishName],[SozlesmeBedeli],[SozlesmeBedelBirimi])
VALUES

(	4500326924,	'105 MM TANK TOPU DERS ATIÞ MÜHÝMMATI (DM 148A1) (2.000 ADET) (TANK TOPU MÜHÝMMATI)', 	'CARTRIDGES 105 MM TPCSDS-T',	3772000,	'AVRO'),
(	4500342691,	'5 KALEM MÜSABAKA FÝÞEÐÝ', 'CARTRIDGES .22 COMPETITION', NULL  , NULL),		
(	4500326924,	'105MM TANK TOPU DERS ATIÞ MÜHÝMMATI 1500 ADET',	'CARTRIDGES 105 MM TPCSDS-T',	2778000,	'AVRO'),
(	4500338951,	'150.000 ADET MK-19 H/E PFF DM11 MOD.', 'GRENADES 40X53 HE PFF-T', NULL , NULL),
(	4500338058,	'6.000 ADET 105 MM TANK TOPU HEP-T/HESH', 'CARTRIDGES 105 MM HEP-T',	6304000,	'AVRO'),
(	4500351348,	'20.000 ADET MER.40 MM MUH. MK-19 HE PFF-T DM11 MOD.',	'CARTRIDGES 40X53 MM HE-PFF-T',	3003840,	'AVRO'),
(	4500332351,	'6.000 ADET MER.40 MM M-79/T-40 B/A AYDINLATMA MÜHÝMMATI', 'CARTRIDGES 40X46 MM ILLUMINATING',	269430.3,	'AVRO'),
(	45000355553,	'4.000 ADET ROKET RPG-7 MUH. GTB-7VM TERMOBARÝK',	'GTB-7VM THERMOBARIC ROCKETS',	1760000,	'AVRO'),
(	4500359014,	'10.000 ADET ROKET RPG-7 MUH. A/T TAH. PG-7VL MOD.', 'PG7-VL',	3920000,	'AVRO'),
(	4500359014,	'30.000 ADET ROK. RPG-7 MUH. A/P TAH. OG 7V', 'OG-7V',	2730000,	'AVRO'),
(	4500355044,	'24.000 ADET COMET EL AYDINLATMA ROKETÝ', 'SIGNAL, WHITE ILLUMINATION',	897900,	'AVRO'),
(	4500356123,	'45.000 ADET FLARE SPEKTRAL (FÝÞEÐÝ ÝLE BÝRLÝKTE)', 'FLARE BIRDIE 118',	1478250, 'Sterlin'),
(	4500345375,	'30.000 ADET CHAFFS RR 170 WITH BBU-35 (FÝÞEÐÝ ÝLE BÝRLÝKTE)', 'CHAFF RR170 MK1 TYPE 1',	97500000,	'STERLÝN'),
(	NULL	      , '90.000 ADET FÞ.20X102 MM ZIRH DELÝCÝ YANGIN ÝZLÝ',   '', 2232000,	'DOLAR'),
(	4500326042,	'4.000 ADET MER.105 MM TANK TOPU HEP-T/HESH', '', 4500000,	'AVRO'),
(	4500356368,	'500 M. PATLAYICI MADDE YAPRAK 2MM', 'SHEET EXPLOSIVE .083 INCH PETN', 10632248,	'DOLAR'),
(	4500356368,	'500 M. PATLAYICI MADDE YAPRAK 4MM', 'SHEET EXPLOSIVE .166 INCH PETN',	11366028,	'DOLAR'),
(	4500359157,	'35.000 METRE FÝTÝL SANÝYELÝ', 'SAFETY FUSE ML-1',	93450,	'AVRO'),
(	4500356368,	'1.000 METRE PATLAYICI MADDE ÞERÝT', 'ACE 600/1200/2400/3600',	33262915,	'DOLAR'),
(	4500356368,	'50.000 METRE FÝTÝL ÝNFÝLAKLI', 'DETONATING CORD',	94050,	'DOLAR'),
(	NULL		,   '5.000 ADET MER.120 MM TANK TOPU TAHRÝP HE-OR-T', NULL, NULL  , NULL),			
(	NULL	      , '6.000 ADET MER.81 MM UT-1 HAVAN AYDINLATMA MÜHÝMMATI', NULL, NULL   , NULL),			
(	4500362263,	'10.000 ADET 8,59 MM ACCURACY MUH.ZH.DEL.FÝÞEK', 'CARTRIDGES 8.59 MM ARMOR PIERCING',	9500,	'AVRO'),
(	4500362263,	'50.000 ADET 8,59 MM ACCURACY MUH.NOR.FÝÞEK', 'CARTRIDGES 8.59 MM BALL',	155000,	'AVRO'),
(	4500359315,	'300.000 ADET FÞ.7,62X54 MM MUH.ÝZLÝ BÝXÝ (MAYONSUZ)', '7.62X54R CARTRIDGES WITH TRACER2',  NULL   , NULL),
(	NULL	      , '300.000 ADET FÞ.7,62X54 MM BÜZMELÝ BÝXÝ (MAYONSUZ)', NULL,  NULL , NULL),			
(	4500347591, '1.000 ADET YANGIN EL BOMBASI TAM ATIM', 'GRENADE,HAND,INCENDIARY',	38500,	'DOLAR'),
(	4500360411,	'10.000 ADET 76 MM. MULTÝ SPEKTRAL SÝS DM65',	'76 MM IR RP-MASKE 76 ST',	1850000,	'AVRO'),
(		NULL      , '100.000 ADET FÜNYE MÜSADEMELÝ M82', NULL,		760000,	'AVRO'),
(	4500353361, '50.000 ADET MERMÝ 40 MM MK-19 HE DP M430A1',	'CARTRIDGESS 40X53 MM',	5060000,	'AVRO')
;

SELECT * FROM ContractPrice  ++


CREATE TABLE DeliveryDate1 (
Id INT  IDENTITY(1,1) NOT NULL    constraint DeliveryDate1_PK primary key (Id),
PO_Number bigint,
ProjectName VARCHAR(100),
EnglishName VARCHAR(50),
DeliveryDate VARCHAR(200)
);


  
);
INSERT INTO DeliveryDate1
--([Id], [PO_Number], [ProjectName], [EnglishName],[TeslimTarihi])
VALUES


(	4500326924,	'105 MM TANK TOPU DERS ATIÞ MÜHÝMMATI (DM 148A1) (2.000 ADET) (TANK TOPU MÜHÝMMATI)', 'CARTRIDGES 105 MM TPCSDS-T',	'SÖZLEÞMEYÝ MÜTEAKÝP 12 AY'),
(	4500342691,	'5 KALEM MÜSABAKA FÝÞEÐÝ',	'CARTRIDGES .22 COMPETITION	', NULL),
(	4500326924,	'105MM TANK TOPU DERS ATIÞ MÜHÝMMATI 1500 ADET',	'CARTRIDGES 105 MM TPCSDS-T',	'30.03.2017'),
(	4500338951,	'150.000 ADET MK-19 H/E PFF DM11 MOD.', 'GRENADES 40X53 HE PFF-T', NULL),
(	4500338058,	'6.000 ADET 105 MM TANK TOPU HEP-T/HESH',	'CARTRIDGES 105 MM HEP-T',	'1500 ADEDÝ ÝÇÝN ÞÖZLEÞME ÝMZALANMASINI MÜTEAKÝP 8 AY, 4500 ADET ÝÇÝN ÞÖZLEÞMEYÝ MÜTEAKÝP 12 AY'),
(	4500351348,	'20.000 ADET MER.40 MM MUH. MK-19 HE PFF-T DM11 MOD.', 'CARTRIDGES 40X53 MM HE-PFF-T',	'22.Þub.18'),
(	4500332351, '6.000 ADET MER.40 MM M-79/T-40 B/A AYDINLATMA MÜHÝMMATI', 'CARTRIDGES 40X46 MM ILLUMINATING',	'SÖZLEÞME ÝMZALANMSINDAN SONRA 6 AY'),
(	45000355553,	'4.000 ADET ROKET RPG-7 MUH. GTB-7VM TERMOBARÝK',	'GTB-7VM THERMOBARIC ROCKETS',	'SKB VE ÝHRACAT LÝSANSINA BAÐLI OLARAK 6 AY'),
(	4500359014,	'10.000 ADET ROKET RPG-7 MUH. A/T TAH. PG-7VL MOD.', 'PG7-VL', 'MALZEME TESLÝMÝ SKB VE ÝHRACAT LÝSANSINA BAÐLI OLARAK 6 AYDIR.'),
(	4500359014,	'30.000 ADET ROK. RPG-7 MUH. A/P TAH. OG 7V', 'OG-7V',	'MALZEME TESLÝMÝ SKB VE ÝHRACAT LÝSANSINA BAÐLI OLARAK 6 AYDIR.'),
(	4500355044,	'24.000 ADET COMET EL AYDINLATMA ROKETÝ', 'SIGNAL, WHITE ILLUMINATION',	'MAL TESLÝMÝ SKB VE ÝHRACAT LÝSANSINA BAÐLI OLARAK 6 AY'),
(	4500356123,	'45.000 ADET FLARE SPEKTRAL (FÝÞEÐÝ ÝLE BÝRLÝKTE)', 'FLARE BIRDIE 118',	'25000 ADEDÝ 9 AÐUSTOS 2017 TARÝHÝNDE, 20000 ADEDÝ OCAK 2018 TARÝHÝNDE'),
(	4500345375,	'30.000 ADET CHAFFS RR 170 WITH BBU-35 (FÝÞEÐÝ ÝLE BÝRLÝKTE)', 'CHAFF RR170 MK1 TYPE 1',	'10.000 ADEDÝ 23.05.2017 TARÝHÝNDE SEVK EDÝLMÝÞTÝR.10.000 ADEDÝ 31 TEMMUZ 2017'),
(		NULL    , '90.000 ADET FÞ.20X102 MM ZIRH DELÝCÝ YANGIN ÝZLÝ', NULL, 'MALZEME TESLÝMÝ TAMAMLANMIÞTIR.'),
(	4500326042,	'4.000 ADET MER.105 MM TANK TOPU HEP-T/HESH', '', '31.03.2017 (10 TEMMUZ 20017 TARÝHÝNDE 3 ADET TDY VE LOT ACCEPTANCE TEST FATURASI GELDÝ.'),
(	4500356368,	'500 M. PATLAYICI MADDE YAPRAK 2MM', 'SHEET EXPLOSIVE .083 INCH PETN',	'SÖZLEÞME ÝMZALANMSINDAN SONRA 6 AY'),
(	4500356368,	'500 M. PATLAYICI MADDE YAPRAK 4MM', 'SHEET EXPLOSIVE .166 INCH PETN', 	'SÖZLEÞME ÝMZALANMSINDAN SONRA 6 AY'),
(	4500359157, '35.000 METRE FÝTÝL SANÝYELÝ', 'SAFETY FUSE ML-1',	'14.12.2017'),
(	4500356368,	'1.000 METRE PATLAYICI MADDE ÞERÝT', 'ACE 600/1200/2400/3600',	'MAL TESLÝMÝ SKB VE ÝHRACAT LÝSANSINA BAÐLI OLARAK 6 AY'),
(	4500356368,	'50.000 METRE FÝTÝL ÝNFÝLAKLI', 'DETONATING CORD', 'SÖZLEÞME ÝMZALANMASINDAN ÝTÝBAREN 6 AY'),
(	NULL	      , '5.000 ADET MER.120 MM TANK TOPU TAHRÝP HE-OR-T', NULL, NULL),
(	NULL	      , '6.000 ADET MER.81 MM UT-1 HAVAN AYDINLATMA MÜHÝMMATI', NULL, NULL),		
(	4500362263,	'10.000 ADET 8,59 MM ACCURACY MUH.ZH.DEL.FÝÞEK', 'CARTRIDGES 8.59 MM ARMOR PIERCING',	'SON KULLANICI BELGESÝ VE SÖZLEÞMENÝN ÝMZALANMASINI MÜTEAKÝP 12 AY SONRA'),
(	4500362263,	'50.000 ADET 8,59 MM ACCURACY MUH.NOR.FÝÞEK', 'CARTRIDGES 8.59 MM BALL', 	'SON KULLANICI BELGESÝ VE SÖZLEÞMENÝN ÝMZALANMASINI MÜTEAKÝP 12 AY SONRA'),
(	4500359315,	'300.000 ADET FÞ.7,62X54 MM MUH.ÝZLÝ BÝXÝ (MAYONSUZ)', '7.62X54R CARTRIDGES WITH TRACER', NULL),	
(		NULL      , '300.000 ADET FÞ.7,62X54 MM BÜZMELÝ BÝXÝ (MAYONSUZ)', NULL, NULL),	
(	4500347591, '1.000 ADET YANGIN EL BOMBASI TAM ATIM', 'GRENADE,HAND,INCENDIARY', 	'25.08.2017'),
(	4500360411,	'10.000 ADET 76 MM. MULTÝ SPEKTRAL SÝS DM65',	'76 MM IR, RP-MASKE 76 ST',	'TESLÝMAT SÖZLEÞME ÝMZALANMASINDAN SONRA 9 AY'),
(		NULL      , '100.000 ADET FÜNYE MÜSADEMELÝ M82', NULL, 'SÖZLEÞME ÝMZALANMAYI MÜTEAKÝP 210 GÜN'),
(	4500353361, '50.000 ADET MERMÝ 40 MM MK-19 HE DP M430A1',	'CARTRIDGESS 40X53 MM',	'20.000 ADEDÝ 30 KASIM 2017,20000 ADEDÝ EKÝM 2017, 10000 ADEDÝ 28 EYLÜL 2017')
;


SELECT * FROM DeliveryDate1     ++

